<?xml version="1.0" encoding="utf-8"?>
<!--~
  ~ @package   akeebabackup
  ~ @copyright Copyright (c)2006-2022 Nicholas K. Dionysopoulos / Akeeba Ltd
  ~ @license   GNU General Public License version 3, or later
  -->

<extension type="component" method="upgrade">
    <name>com_akeebabackup</name>
    <author>Akeeba Ltd</author>
    <creationDate>2022-12-05</creationDate>
    <copyright>(C) 2006-2021 Nicholas K. Dionysopoulos / Akeeba Ltd</copyright>
    <license>GNU General Public License version 3 or later; see LICENSE.txt</license>
    <authorEmail>no-reply@akeeba.com</authorEmail>
    <authorUrl>www.akeeba.com</authorUrl>
    <version>9.4.5</version>
    <description>COM_AKEEBABACKUP_XML_DESCRIPTION</description>
    <namespace path="src">Akeeba\Component\AkeebaBackup</namespace>

    <files folder="frontend">
        <folder>language</folder>
        <folder>src</folder>
    </files>

    <languages folder="frontend">
        <language tag="en-GB">language/en-GB/com_akeebabackup.ini</language>
    </languages>

    <media destination="com_akeebabackup" folder="media">
        <folder>css</folder>
        <folder>fonts</folder>
        <folder>icons</folder>
        <folder>js</folder>

	    <filename>joomla.asset.json</filename>
    </media>

    <administration>
        <menu>COM_AKEEBABACKUP</menu>

        <submenu>
            <!--
				Note that all & must be escaped to &amp; for the file to be valid
				XML and be parsed by the installer
			-->
            <menu view="controlpanel">
                COM_AKEEBABACKUP_CONTROLPANEL
            </menu>

            <menu view="configuration">
                COM_AKEEBABACKUP_CONFIGURATION
            </menu>

            <menu view="backup">
                COM_AKEEBABACKUP_BACKUP
            </menu>

            <menu view="manage">
                COM_AKEEBABACKUP_MANAGE
            </menu>
        </submenu>

        <files folder="backend">
            <filename>access.xml</filename>
            <filename>CHANGELOG.php</filename>
            <filename>config.xml</filename>
            <filename>version.php</filename>

            <folder>backup</folder>
            <folder>engine</folder>
            <folder>forms</folder>
            <folder>installers</folder>
            <folder>language</folder>
            <folder>platform</folder>
            <folder>services</folder>
            <folder>sql</folder>
            <folder>src</folder>
            <folder>tmpl</folder>
            <folder>webpush</folder>
        </files>

        <languages folder="backend">
            <language tag="en-GB">language/en-GB/com_akeebabackup.ini</language>
            <language tag="en-GB">language/en-GB/com_akeebabackup.sys.ini</language>
        </languages>
    </administration>

    <install>
        <sql>
            <file driver="mysql" charset="utf8">sql/install.mysql.utf8.sql</file>
        </sql>
    </install>

    <uninstall>
        <sql>
            <file driver="mysql" charset="utf8">sql/uninstall.mysql.utf8.sql</file>
        </sql>
    </uninstall>

    <update>
        <schemas>
            <schemapath type="mysql">sql/updates/mysql</schemapath>
        </schemas>
    </update>
</extension>
