<?xml version="1.0" encoding="utf-8"?>
<!--~
  ~ @package   akeebabackup
  ~ @copyright Copyright (c)2006-2022 Nicholas K. Dionysopoulos / Akeeba Ltd
  ~ @license   GNU General Public License version 3, or later
  -->

<extension type="plugin" group="quickicon" method="upgrade">
	<name>PLG_QUICKICON_AKEEBABACKUP</name>
	<version>9.4.5</version>
	<creationDate>2022-12-05</creationDate>
	<author>Nicholas K. Dionysopoulos</author>
	<authorEmail>nicholas@dionysopoulos.me</authorEmail>
	<authorUrl>https://www.akeeba.com</authorUrl>
	<copyright>Copyright (c)2006-2022 Nicholas K. Dionysopoulos</copyright>
	<license>GNU General Public License version 3, or later</license>
	<description>PLG_QUICKICON_AKEEBABACKUP_XML_DESCRIPTION</description>
	<namespace path="src">Joomla\Plugin\Quickicon\AkeebaBackup</namespace>

	<files>
		<folder plugin="akeebabackup">services</folder>
		<folder>src</folder>

		<filename>.htaccess</filename>
		<filename>web.config</filename>
	</files>

	<media destination="plg_quickicon_akeebabackup" folder="media">
		<folder>css</folder>

		<file>joomla.asset.json</file>
	</media>

	<languages folder="language">
		<language tag="en-GB">en-GB/plg_quickicon_akeebabackup.ini</language>
		<language tag="en-GB">en-GB/plg_quickicon_akeebabackup.sys.ini</language>
	</languages>

	<config addfieldpath="/administrator/components/com_akeebabackup/src/Field"
			addfieldprefix="Akeeba\Component\AkeebaBackup\Administrator\Field"
	>
		<fields name="params">
			<fieldset name="basic">
				<field name="enablewarning"
					   type="radio"
					   layout="joomla.form.field.radio.switcher"
					   label="PLG_QUICKICON_AKEEBABACKUP_LBL_WARNINGS"
					   description="PLG_QUICKICON_AKEEBABACKUP_DESC_WARNINGS"
					   default="1"
				>
					<option value="0">JNO</option>
					<option value="1">JYES</option>
				</field>

				<field name="warnfailed"
					   type="radio"
					   layout="joomla.form.field.radio.switcher"
					   label="PLG_QUICKICON_AKEEBABACKUP_LBL_WARNFAILED"
					   description="PLG_QUICKICON_AKEEBABACKUP_DESC_WARNFAILED"
					   default="1"
					   showon="enablewarning:1"
				>
					<option value="0">JNO</option>
					<option value="1">JYES</option>
				</field>

				<field name="maxbackupperiod"
					   type="number"
					   label="PLG_QUICKICON_AKEEBABACKUP_LBL_PERIOD"
					   description="PLG_QUICKICON_AKEEBABACKUP_DESC_PERIOD"
					   min="1"
					   max="87600"
					   step="1"
					   default="24"/>

				<field name="profileid"
					   type="backupprofiles"
					   default="1"
					   label="PLG_QUICKICON_AKEEBABACKUP_PROFILE_LABEL"
					   class="advancedSelect"
					   description="PLG_QUICKICON_AKEEBABACKUP_PROFILE_DESC"
				/>
			</fieldset>
		</fields>
	</config>
</extension>